<?xml version="1.0" encoding="UTF-8"?>

<mule xmlns:db="http://www.mulesoft.org/schema/mule/db" xmlns:mulexml="http://www.mulesoft.org/schema/mule/xml" xmlns:smtp="http://www.mulesoft.org/schema/mule/smtp" xmlns:jms="http://www.mulesoft.org/schema/mule/jms" xmlns:json="http://www.mulesoft.org/schema/mule/json" xmlns:scripting="http://www.mulesoft.org/schema/mule/scripting" xmlns:dw="http://www.mulesoft.org/schema/mule/ee/dw" xmlns:metadata="http://www.mulesoft.org/schema/mule/metadata" xmlns:context="http://www.springframework.org/schema/context" xmlns:tracking="http://www.mulesoft.org/schema/mule/ee/tracking" xmlns="http://www.mulesoft.org/schema/mule/core" xmlns:doc="http://www.mulesoft.org/schema/mule/documentation"
	xmlns:spring="http://www.springframework.org/schema/beans" 
	xmlns:xsi="http://www.w3.org/2001/XMLSchema-instance"
	xsi:schemaLocation="http://www.springframework.org/schema/beans http://www.springframework.org/schema/beans/spring-beans-current.xsd
http://www.mulesoft.org/schema/mule/core http://www.mulesoft.org/schema/mule/core/current/mule.xsd
http://www.mulesoft.org/schema/mule/ee/dw http://www.mulesoft.org/schema/mule/ee/dw/current/dw.xsd
http://www.springframework.org/schema/context http://www.springframework.org/schema/context/spring-context-current.xsd
http://www.mulesoft.org/schema/mule/ee/tracking http://www.mulesoft.org/schema/mule/ee/tracking/current/mule-tracking-ee.xsd
http://www.mulesoft.org/schema/mule/scripting http://www.mulesoft.org/schema/mule/scripting/current/mule-scripting.xsd
http://www.mulesoft.org/schema/mule/json http://www.mulesoft.org/schema/mule/json/current/mule-json.xsd
http://www.mulesoft.org/schema/mule/jms http://www.mulesoft.org/schema/mule/jms/current/mule-jms.xsd
http://www.mulesoft.org/schema/mule/smtp http://www.mulesoft.org/schema/mule/smtp/current/mule-smtp.xsd
http://www.mulesoft.org/schema/mule/xml http://www.mulesoft.org/schema/mule/xml/current/mule-xml.xsd
http://www.mulesoft.org/schema/mule/db http://www.mulesoft.org/schema/mule/db/current/mule-db.xsd">
    <smtp:connector name="SMTP" validateConnections="true" doc:name="SMTP"/>
    <smtp:gmail-connector name="Gmail" validateConnections="true" doc:name="Gmail"/>

    <flow name="AuditFlow" processingStrategy="synchronous">
        <message-properties-transformer scope="session" doc:name="Message Properties">
            <add-message-property key="source_system" value="${source_system}"/>
            <add-message-property key="target_system" value="${target_system}"/>
            <add-message-property key="ExecutionID" value="#[org.mule.util.UUID.getUUID()]"/>
            <add-message-property key="Application Name" value="${application_name}"/>
        </message-properties-transformer>
        <set-payload value="&lt;Auditxml&gt;   &lt;flow_name&gt;#[sessionVars.'Application Name']&lt;/flow_name&gt;   &lt;execution_time&gt;#[server.dateTime]&lt;/execution_time&gt;    &lt;execution_id&gt;#[sessionVars.ExecutionID]&lt;/execution_id&gt;    &lt;source_system&gt;#[sessionVars.source_system]&lt;/source_system&gt;    &lt;target_system&gt;#[sessionVars.target_system]&lt;/target_system&gt;     &lt;Source_count&gt;#[sessionVars.SourceCount]&lt;/Source_count&gt;   &lt;Target_count&gt;#[sessionVars.SourceCount]&lt;/Target_count&gt; &lt;/Auditxml&gt;" doc:name="Set Payload" mimeType="application/xml"/>
        <dw:transform-message doc:name="Transform Message" metadata:id="72e16579-9174-4fb3-b382-ccd44d4a25fc">
            <dw:input-payload doc:sample="C:\Users\demo_user1\Desktop\AuditPayload_xml.xml" mimeType="application/xml"/>
            <dw:set-payload><![CDATA[%dw 1.0
%output application/java
---
{
	Source_count: payload.Auditxml.Source_count,
	Target_count: payload.Auditxml.Target_count,
	execution_id: payload.Auditxml.execution_id,
	execution_time: payload.Auditxml.execution_time,
	flow_name: payload.Auditxml.flow_name,
	source_system: payload.Auditxml.source_system,
	target_system: payload.Auditxml.target_system
}]]></dw:set-payload>
        </dw:transform-message>
        <db:insert config-ref="MySQL_Configuration_Audit" doc:name="Audit_Database">
            <db:parameterized-query><![CDATA[insert into ${db.Audit_table} values (#[payload.flow_name],#[payload.execution_time],#[payload.execution_id],#[payload.source_system],#[payload.target_system],#[payload.Source_count],#[payload.Target_count])]]></db:parameterized-query>
        </db:insert>
        <set-payload value="Process Completed Successfully without any Error." doc:name="Set Payload"/>
        <smtp:outbound-endpoint host="${mail.host}" port="${mail.port}" user="${mail.user}" password="makaut8point64" connector-ref="Gmail" to="${mail.to}" from="${mail.from}" subject="Audit Notification #[sessionVars.'Application Name'  + '  -  ' +  sessionVars.ExecutionID]" responseTimeout="10000" doc:name="Audit completion mail"/>
    </flow>
</mule>
