<?xml version="1.0" encoding="UTF-8"?>

<mule xmlns:mulexml="http://www.mulesoft.org/schema/mule/xml" xmlns:smtp="http://www.mulesoft.org/schema/mule/smtp" xmlns:dw="http://www.mulesoft.org/schema/mule/ee/dw" xmlns:metadata="http://www.mulesoft.org/schema/mule/metadata" xmlns:json="http://www.mulesoft.org/schema/mule/json" xmlns:db="http://www.mulesoft.org/schema/mule/db" xmlns:context="http://www.springframework.org/schema/context" xmlns:jms="http://www.mulesoft.org/schema/mule/jms" xmlns:tracking="http://www.mulesoft.org/schema/mule/ee/tracking" xmlns="http://www.mulesoft.org/schema/mule/core" xmlns:doc="http://www.mulesoft.org/schema/mule/documentation"
	xmlns:spring="http://www.springframework.org/schema/beans" 
	xmlns:xsi="http://www.w3.org/2001/XMLSchema-instance"
	xsi:schemaLocation="http://www.springframework.org/schema/beans http://www.springframework.org/schema/beans/spring-beans-current.xsd
http://www.mulesoft.org/schema/mule/core http://www.mulesoft.org/schema/mule/core/current/mule.xsd
http://www.mulesoft.org/schema/mule/ee/tracking http://www.mulesoft.org/schema/mule/ee/tracking/current/mule-tracking-ee.xsd
http://www.mulesoft.org/schema/mule/jms http://www.mulesoft.org/schema/mule/jms/current/mule-jms.xsd
http://www.springframework.org/schema/context http://www.springframework.org/schema/context/spring-context-current.xsd
http://www.mulesoft.org/schema/mule/db http://www.mulesoft.org/schema/mule/db/current/mule-db.xsd
http://www.mulesoft.org/schema/mule/ee/dw http://www.mulesoft.org/schema/mule/ee/dw/current/dw.xsd
http://www.mulesoft.org/schema/mule/json http://www.mulesoft.org/schema/mule/json/current/mule-json.xsd
http://www.mulesoft.org/schema/mule/smtp http://www.mulesoft.org/schema/mule/smtp/current/mule-smtp.xsd
http://www.mulesoft.org/schema/mule/xml http://www.mulesoft.org/schema/mule/xml/current/mule-xml.xsd">
    <jms:activemq-connector name="Active_MQ" specification="1.1" brokerURL="${jmsbroker}" validateConnections="true" doc:name="Active MQ"/>
    <context:property-placeholder location="Error-DEV.properties"/>
    <db:mysql-config name="MySQL_Configuration" host="${db.host}" port="${db.port}" user="${db.user}" password="${db.password}" database="${db.database}" doc:name="MySQL Configuration"/>
    <smtp:gmail-connector name="Gmail" validateConnections="true" doc:name="Gmail"/>

    <flow name="JMSErrorProcessor_Main">
        <jms:inbound-endpoint topic="${jmstopic}" connector-ref="Active_MQ" doc:name="JMS_Response" >
         <jms:selector expression="Header = 'ErrorHandlerXML'"/>
        </jms:inbound-endpoint>
        <dw:transform-message doc:name="Transform Message" metadata:id="c5d280d7-8cd9-4880-ba32-6cba1fe7d321">
            <dw:input-payload mimeType="application/xml"/>
            <dw:set-payload><![CDATA[%dw 1.0
%output application/java
---
{
 flow_name : payload.errorxml.flow_name,
 execution_time : payload.errorxml.execution_time,
 execution_id : payload.errorxml.execution_id,
 source_system : payload.errorxml.source_system,
 target_system : payload.errorxml.target_system,
 error_message : payload.errorxml.error_message,
 error_payload : payload.errorxml.error_payload 
}]]></dw:set-payload>
            <dw:set-variable variableName="ErrXML"><![CDATA[%dw 1.0
%output application/xml
---
payload]]></dw:set-variable>
        </dw:transform-message>
        <choice doc:name="Choice">
            <when expression="#[sessionVars.action_email== 'Y'  &amp;&amp; sessionVars.action_db== 'Y']">
                <scatter-gather doc:name="Scatter-Gather">
                    <processor-chain>
                        <flow-ref name="Send_to_ErrorDB" doc:name="Send_to_ErrorDB"/>
                        <logger message="DB=Y EMAIL=Y DB FLOW" level="INFO" doc:name="Logger"/>
                    </processor-chain>
                    <processor-chain>
                        <flow-ref name="Send_Error_Email" doc:name="Send_Error_Email"/>
                        <logger message="DB=Y EMAIL=Y EMAIL FLOW" level="INFO" doc:name="Logger"/>
                    </processor-chain>

                </scatter-gather>
            </when>
            <when expression="#[sessionVars.action_emaill== 'Y'  &amp;&amp; sessionVars.action_db== 'N']">
                <flow-ref name="Send_Error_Email" doc:name="Send_Error_Email"/>
                <logger message="DB=N EMAIL=Y EMAIL FLOW" level="INFO" doc:name="Logger"/>

            </when>
            <when expression="#[sessionVars.action_email== 'N'  &amp;&amp; sessionVars.action_db== 'Y']">
                <flow-ref name="Send_to_ErrorDB" doc:name="Send_to_ErrorDB"/>
                <logger message="DB=Y EMAIL=N DB FLOW" level="INFO" doc:name="Logger"/>

            </when>
            <otherwise>
                <logger message="Default logger &gt;&gt;&gt;&gt;&gt;&gt;&gt;&gt;&gt;&gt;&gt;&gt;&gt;" level="INFO" doc:name="Logger"/>
            </otherwise>
        </choice>
        <tracking:transaction id="#[sessionVars.ExecutionID]"/>
    </flow>
    <sub-flow name="Send_to_ErrorDB">
        <db:insert config-ref="MySQL_Configuration" doc:name="Send Details to Error DB">
            <db:parameterized-query><![CDATA[insert into ${db.table} values (#[payload.flow_name],#[payload.execution_time],#[payload.execution_id],#[payload.source_system],#[payload.target_system],#[payload.error_message],#[payload.error_payload])]]></db:parameterized-query>
        </db:insert>
        <logger message="Final logger :#[payload.FlowName]" level="INFO" doc:name="Logger"/>
    </sub-flow>
    <sub-flow name="Send_Error_Email">
        <set-variable variableName="Mail_Subject" value="Transaction_ID: #[payload.execution_id]" doc:name="Set Mail Subject"/>
        <set-payload value="#[flowVars.ErrXML]" doc:name="Set Error Email Body"/>
        <smtp:outbound-endpoint host="${mail.host}" port="${mail.port}" user="${mail.user}" password="makaut8point64" connector-ref="Gmail" to="${mail.to}" from="${mail.from}" subject="#[flowVars.Mail_Subject]" responseTimeout="10000" doc:name="Send Error Email" doc:description="PFA the Error Details Document."/>
        <logger message="ERROR MAIL SENT" level="INFO" doc:name="Logger"/>
    </sub-flow>

</mule>
