<?xml version="1.0" encoding="UTF-8"?>

<mule xmlns:mulexml="http://www.mulesoft.org/schema/mule/xml" xmlns:wmq="http://www.mulesoft.org/schema/mule/ee/wmq" xmlns:json="http://www.mulesoft.org/schema/mule/json" xmlns:jbossts="http://www.mulesoft.org/schema/mule/jbossts" xmlns:smtp="http://www.mulesoft.org/schema/mule/smtp" xmlns:jms="http://www.mulesoft.org/schema/mule/jms" xmlns:dw="http://www.mulesoft.org/schema/mule/ee/dw" xmlns:metadata="http://www.mulesoft.org/schema/mule/metadata" xmlns:context="http://www.springframework.org/schema/context" xmlns:tracking="http://www.mulesoft.org/schema/mule/ee/tracking" xmlns="http://www.mulesoft.org/schema/mule/core" xmlns:doc="http://www.mulesoft.org/schema/mule/documentation"
	xmlns:spring="http://www.springframework.org/schema/beans" 
	xmlns:xsi="http://www.w3.org/2001/XMLSchema-instance"
	xsi:schemaLocation="http://www.springframework.org/schema/beans http://www.springframework.org/schema/beans/spring-beans-current.xsd
http://www.mulesoft.org/schema/mule/core http://www.mulesoft.org/schema/mule/core/current/mule.xsd
http://www.mulesoft.org/schema/mule/ee/dw http://www.mulesoft.org/schema/mule/ee/dw/current/dw.xsd
http://www.springframework.org/schema/context http://www.springframework.org/schema/context/spring-context-current.xsd
http://www.mulesoft.org/schema/mule/ee/tracking http://www.mulesoft.org/schema/mule/ee/tracking/current/mule-tracking-ee.xsd
http://www.mulesoft.org/schema/mule/jms http://www.mulesoft.org/schema/mule/jms/current/mule-jms.xsd
http://www.mulesoft.org/schema/mule/smtp http://www.mulesoft.org/schema/mule/smtp/current/mule-smtp.xsd
http://www.mulesoft.org/schema/mule/jbossts http://www.mulesoft.org/schema/mule/jbossts/current/mule-jbossts.xsd
http://www.mulesoft.org/schema/mule/json http://www.mulesoft.org/schema/mule/json/current/mule-json.xsd
http://www.mulesoft.org/schema/mule/ee/wmq http://www.mulesoft.org/schema/mule/ee/wmq/current/mule-wmq-ee.xsd
http://www.mulesoft.org/schema/mule/xml http://www.mulesoft.org/schema/mule/xml/current/mule-xml.xsd">
    <choice-exception-strategy name="MasterErrorHandler">
        <catch-exception-strategy doc:name="Catch Exception Strategy">
            <flow-ref name="SetProperties" doc:name="SetProperties"/>
            <message-properties-transformer doc:name="Message Properties">
                <add-message-property key="http.status" value="500"/>
                <add-message-property key="Content-Type" value="application/xml"/>
                <add-message-property key="Header" value="ErrorHandlerXML"/>
            </message-properties-transformer>
            <jms:outbound-endpoint topic="${jmstopic}" connector-ref="Active_MQ" doc:name="JMS_Request"/>

        </catch-exception-strategy>
    </choice-exception-strategy>
    <flow name="SetProperties" processingStrategy="synchronous">
        <message-properties-transformer scope="session" doc:name="Message Properties">
            <add-message-property key="errmsg" value="#[exception]"/>
            <add-message-property key="source_system" value="${source_system}"/>
            <add-message-property key="target_system" value="${target_system}"/>
            <add-message-property key="ExecutionID" value="#[org.mule.util.UUID.getUUID()]"/>
            <add-message-property key="action_db" value="${action_db}"/>
            <add-message-property key="action_email" value="${action_email}"/>
        </message-properties-transformer>
        <set-payload value="&lt;errorxml&gt;&lt;flow_name&gt;#[exception.event.flowConstruct.name]&lt;/flow_name&gt; &lt;execution_time&gt;#[server.dateTime]&lt;/execution_time&gt; &lt;execution_id&gt;#[sessionVars.ExecutionID]&lt;/execution_id&gt; &lt;source_system&gt;#[sessionVars.source_system]&lt;/source_system&gt; &lt;target_system&gt;#[sessionVars.target_system]&lt;/target_system&gt; &lt;error_message&gt;#[sessionVars.errmsg]&lt;/error_message&gt; &lt;error_payload&gt;#[sessionVars.EPayload]&lt;/error_payload&gt;&lt;/errorxml&gt;" doc:name="Set Payload"/>
        <expression-component doc:name="Expression"><![CDATA[payload=payload.replace('<none>','');
payload=payload.replace('<password>','');]]></expression-component>
        <tracking:transaction id="#[sessionVars.ExecutionID]"/>
    </flow>

</mule>
