<?xml version="1.0" encoding="UTF-8"?>

<mule xmlns:cluster="http://www.mulesoft.org/schema/mule/ee/cluster" xmlns:jms="http://www.mulesoft.org/schema/mule/jms" xmlns:db="http://www.mulesoft.org/schema/mule/db"
	xmlns:http="http://www.mulesoft.org/schema/mule/http"
	xmlns:context="http://www.springframework.org/schema/context"
	xmlns="http://www.mulesoft.org/schema/mule/core" xmlns:doc="http://www.mulesoft.org/schema/mule/documentation"
	xmlns:spring="http://www.springframework.org/schema/beans" 
	xmlns:xsi="http://www.w3.org/2001/XMLSchema-instance"
	xsi:schemaLocation="http://www.mulesoft.org/schema/mule/db http://www.mulesoft.org/schema/mule/db/current/mule-db.xsd
http://www.mulesoft.org/schema/mule/http http://www.mulesoft.org/schema/mule/http/current/mule-http.xsd
http://www.springframework.org/schema/context http://www.springframework.org/schema/context/spring-context-current.xsd
http://www.springframework.org/schema/beans http://www.springframework.org/schema/beans/spring-beans-current.xsd
http://www.mulesoft.org/schema/mule/core http://www.mulesoft.org/schema/mule/core/current/mule.xsd
http://www.mulesoft.org/schema/mule/jms http://www.mulesoft.org/schema/mule/jms/current/mule-jms.xsd">
    <context:property-placeholder location="DEV.properties"/>
    <http:listener-config name="HTTP_Listener_Configuration" host="0.0.0.0" port="8081" doc:name="HTTP Listener Configuration"/>
    <jms:activemq-connector name="Active_MQ" specification="1.1" brokerURL="${jmsbroker}" validateConnections="true" doc:name="Active MQ"/>
    <db:mysql-config name="MySQL_Configuration_Audit" host="${db.Ahost}" port="${db.Aport}" user="${db.Auser}" password="${db.Apassword}" database="${db.Adatabase}" doc:name="MySQL Configuration"/>
    <configuration defaultExceptionStrategy-ref="MasterErrorHandler" doc:name="Configuration">
        <http:config useTransportForUris="false"/>
    </configuration>
    <db:mysql-config name="MySQL_Configuration" host="${db.host}" port="${db.port}" user="${db.user}" password="${db.password}" database="${db.database}" doc:name="MySQL Configuration"/>
    
</mule>    