<?xml version="1.0" encoding="UTF-8"?>

<mule xmlns:smtp="http://www.mulesoft.org/schema/mule/smtp" xmlns:tracking="http://www.mulesoft.org/schema/mule/ee/tracking" xmlns:batch="http://www.mulesoft.org/schema/mule/batch" xmlns:scripting="http://www.mulesoft.org/schema/mule/scripting" xmlns:dw="http://www.mulesoft.org/schema/mule/ee/dw" xmlns:metadata="http://www.mulesoft.org/schema/mule/metadata" xmlns:json="http://www.mulesoft.org/schema/mule/json" xmlns:db="http://www.mulesoft.org/schema/mule/db" xmlns:http="http://www.mulesoft.org/schema/mule/http" xmlns="http://www.mulesoft.org/schema/mule/core" xmlns:doc="http://www.mulesoft.org/schema/mule/documentation"
	xmlns:spring="http://www.springframework.org/schema/beans" 
	xmlns:xsi="http://www.w3.org/2001/XMLSchema-instance"
	xsi:schemaLocation="http://www.springframework.org/schema/beans http://www.springframework.org/schema/beans/spring-beans-current.xsd
http://www.mulesoft.org/schema/mule/core http://www.mulesoft.org/schema/mule/core/current/mule.xsd
http://www.mulesoft.org/schema/mule/db http://www.mulesoft.org/schema/mule/db/current/mule-db.xsd
http://www.mulesoft.org/schema/mule/http http://www.mulesoft.org/schema/mule/http/current/mule-http.xsd
http://www.mulesoft.org/schema/mule/json http://www.mulesoft.org/schema/mule/json/current/mule-json.xsd
http://www.mulesoft.org/schema/mule/ee/dw http://www.mulesoft.org/schema/mule/ee/dw/current/dw.xsd
http://www.mulesoft.org/schema/mule/scripting http://www.mulesoft.org/schema/mule/scripting/current/mule-scripting.xsd
http://www.mulesoft.org/schema/mule/batch http://www.mulesoft.org/schema/mule/batch/current/mule-batch.xsd
http://www.mulesoft.org/schema/mule/ee/tracking http://www.mulesoft.org/schema/mule/ee/tracking/current/mule-tracking-ee.xsd
http://www.mulesoft.org/schema/mule/smtp http://www.mulesoft.org/schema/mule/smtp/current/mule-smtp.xsd">
    <flow name="demo-dbFlow" >
        <http:listener config-ref="HTTP_Listener_Configuration" path="/demo" allowedMethods="GET" doc:name="HTTP"/>
        <db:select config-ref="MySQL_Configuration" doc:name="Database">
            <db:parameterized-query><![CDATA[select * from american]]></db:parameterized-query>
        </db:select>
        <message-properties-transformer scope="session" doc:name="Set_record_count">
            <add-message-property key="SourceCount" value="#[payload.size()]"/>
            <add-message-property key="EPayload" value="#[message.payload]"/>
        </message-properties-transformer>

        <flow-ref name="AuditFlow" doc:name="AuditFlow"/>
        <tracking:transaction id="#[sessionVars.ExecutionID]"/>

    </flow>

</mule>
